{
 "_typename": "TXmlEx5",
 "fObj1": {
  "_typename": "TXmlEx1",
  "fBool": false,
  "fChar": 67,
  "fShort": 123,
  "fInt": 123456,
  "fLong": 7654321,
  "fFloat": 1.2000000476837158,
  "fDouble": 3.8
 },
 "fObj2": {
  "_typename": "TXmlEx2",
  "fTest1": [
   11111,
   22222,
   33333,
   44444
  ],
  "fTest2": [
   [
    1,
    2
   ],
   [
    3,
    4
   ]
  ],
  "fBool": [
   [
    [
     0,
     0,
     0,
     0
    ],
    [
     1,
     1,
     1,
     1
    ],
    [
     0,
     0,
     0,
     0
    ]
   ],
   [
    [
     1,
     1,
     1,
     1
    ],
    [
     0,
     0,
     0,
     0
    ],
    [
     1,
     1,
     1,
     1
    ]
   ]
  ],
  "fChar": [
   [
    "0123",
    "1234",
    "2345"
   ],
   [
    "1234",
    "2345",
    "3456"
   ]
  ],
  "fShort": [
   [
    [
     0,
     1,
     2,
     3
    ],
    [
     1,
     2,
     3,
     4
    ],
    [
     2,
     3,
     4,
     5
    ]
   ],
   [
    [
     1,
     2,
     3,
     4
    ],
    [
     2,
     3,
     4,
     5
    ],
    [
     3,
     4,
     5,
     6
    ]
   ]
  ],
  "fInt": [
   [
    [
     0,
     1,
     2,
     3
    ],
    [
     0,
     1,
     2,
     3
    ],
    [
     0,
     1,
     2,
     3
    ]
   ],
   [
    [
     0,
     1,
     2,
     3
    ],
    [
     1,
     2,
     3,
     4
    ],
    [
     2,
     3,
     4,
     5
    ]
   ]
  ],
  "fLong": [
   [
    [
     0,
     0,
     0,
     0
    ],
    [
     0,
     0,
     0,
     0
    ],
    [
     0,
     0,
     0,
     0
    ]
   ],
   [
    [
     0,
     0,
     0,
     0
    ],
    [
     0,
     1,
     2,
     3
    ],
    [
     0,
     2,
     4,
     6
    ]
   ]
  ],
  "fFloat": [
   [
    [
     0,
     0,
     0,
     0
    ],
    [
     0,
     0,
     0,
     0
    ],
    [
     0,
     0,
     0,
     0
    ]
   ],
   [
    [
     0,
     0,
     0,
     0
    ],
    [
     0,
     1,
     2,
     3
    ],
    [
     0,
     2,
     4,
     6
    ]
   ]
  ],
  "fDouble": [
   [
    [
     0,
     0,
     0,
     0
    ],
    [
     0,
     0,
     0,
     0
    ],
    [
     0,
     0,
     0,
     0
    ]
   ],
   [
    [
     0,
     0,
     0,
     0
    ],
    [
     0,
     1,
     2,
     3
    ],
    [
     0,
     2,
     4,
     6
    ]
   ]
  ]
 },
 "fPtr1": {
  "_typename": "TXmlEx1",
  "fBool": false,
  "fChar": 67,
  "fShort": 123,
  "fInt": 123456,
  "fLong": 7654321,
  "fFloat": 1.2000000476837158,
  "fDouble": 3.8
 },
 "fPtr2": {
  "_typename": "TXmlEx2",
  "fTest1": [
   11111,
   22222,
   33333,
   44444
  ],
  "fTest2": [
   [
    1,
    2
   ],
   [
    3,
    4
   ]
  ],
  "fBool": [
   [
    [
     0,
     0,
     0,
     0
    ],
    [
     1,
     1,
     1,
     1
    ],
    [
     0,
     0,
     0,
     0
    ]
   ],
   [
    [
     1,
     1,
     1,
     1
    ],
    [
     0,
     0,
     0,
     0
    ],
    [
     1,
     1,
     1,
     1
    ]
   ]
  ],
  "fChar": [
   [
    "0123",
    "1234",
    "2345"
   ],
   [
    "1234",
    "2345",
    "3456"
   ]
  ],
  "fShort": [
   [
    [
     0,
     1,
     2,
     3
    ],
    [
     1,
     2,
     3,
     4
    ],
    [
     2,
     3,
     4,
     5
    ]
   ],
   [
    [
     1,
     2,
     3,
     4
    ],
    [
     2,
     3,
     4,
     5
    ],
    [
     3,
     4,
     5,
     6
    ]
   ]
  ],
  "fInt": [
   [
    [
     0,
     1,
     2,
     3
    ],
    [
     0,
     1,
     2,
     3
    ],
    [
     0,
     1,
     2,
     3
    ]
   ],
   [
    [
     0,
     1,
     2,
     3
    ],
    [
     1,
     2,
     3,
     4
    ],
    [
     2,
     3,
     4,
     5
    ]
   ]
  ],
  "fLong": [
   [
    [
     0,
     0,
     0,
     0
    ],
    [
     0,
     0,
     0,
     0
    ],
    [
     0,
     0,
     0,
     0
    ]
   ],
   [
    [
     0,
     0,
     0,
     0
    ],
    [
     0,
     1,
     2,
     3
    ],
    [
     0,
     2,
     4,
     6
    ]
   ]
  ],
  "fFloat": [
   [
    [
     0,
     0,
     0,
     0
    ],
    [
     0,
     0,
     0,
     0
    ],
    [
     0,
     0,
     0,
     0
    ]
   ],
   [
    [
     0,
     0,
     0,
     0
    ],
    [
     0,
     1,
     2,
     3
    ],
    [
     0,
     2,
     4,
     6
    ]
   ]
  ],
  "fDouble": [
   [
    [
     0,
     0,
     0,
     0
    ],
    [
     0,
     0,
     0,
     0
    ],
    [
     0,
     0,
     0,
     0
    ]
   ],
   [
    [
     0,
     0,
     0,
     0
    ],
    [
     0,
     1,
     2,
     3
    ],
    [
     0,
     2,
     4,
     6
    ]
   ]
  ]
 },
 "fSafePtr1": {
  "_typename": "TXmlEx1",
  "fBool": false,
  "fChar": 67,
  "fShort": 123,
  "fInt": 123456,
  "fLong": 7654321,
  "fFloat": 1.2000000476837158,
  "fDouble": 3.8
 },
 "fSafePtr2": {
  "_typename": "TXmlEx2",
  "fTest1": [
   11111,
   22222,
   33333,
   44444
  ],
  "fTest2": [
   [
    1,
    2
   ],
   [
    3,
    4
   ]
  ],
  "fBool": [
   [
    [
     0,
     0,
     0,
     0
    ],
    [
     1,
     1,
     1,
     1
    ],
    [
     0,
     0,
     0,
     0
    ]
   ],
   [
    [
     1,
     1,
     1,
     1
    ],
    [
     0,
     0,
     0,
     0
    ],
    [
     1,
     1,
     1,
     1
    ]
   ]
  ],
  "fChar": [
   [
    "0123",
    "1234",
    "2345"
   ],
   [
    "1234",
    "2345",
    "3456"
   ]
  ],
  "fShort": [
   [
    [
     0,
     1,
     2,
     3
    ],
    [
     1,
     2,
     3,
     4
    ],
    [
     2,
     3,
     4,
     5
    ]
   ],
   [
    [
     1,
     2,
     3,
     4
    ],
    [
     2,
     3,
     4,
     5
    ],
    [
     3,
     4,
     5,
     6
    ]
   ]
  ],
  "fInt": [
   [
    [
     0,
     1,
     2,
     3
    ],
    [
     0,
     1,
     2,
     3
    ],
    [
     0,
     1,
     2,
     3
    ]
   ],
   [
    [
     0,
     1,
     2,
     3
    ],
    [
     1,
     2,
     3,
     4
    ],
    [
     2,
     3,
     4,
     5
    ]
   ]
  ],
  "fLong": [
   [
    [
     0,
     0,
     0,
     0
    ],
    [
     0,
     0,
     0,
     0
    ],
    [
     0,
     0,
     0,
     0
    ]
   ],
   [
    [
     0,
     0,
     0,
     0
    ],
    [
     0,
     1,
     2,
     3
    ],
    [
     0,
     2,
     4,
     6
    ]
   ]
  ],
  "fFloat": [
   [
    [
     0,
     0,
     0,
     0
    ],
    [
     0,
     0,
     0,
     0
    ],
    [
     0,
     0,
     0,
     0
    ]
   ],
   [
    [
     0,
     0,
     0,
     0
    ],
    [
     0,
     1,
     2,
     3
    ],
    [
     0,
     2,
     4,
     6
    ]
   ]
  ],
  "fDouble": [
   [
    [
     0,
     0,
     0,
     0
    ],
    [
     0,
     0,
     0,
     0
    ],
    [
     0,
     0,
     0,
     0
    ]
   ],
   [
    [
     0,
     0,
     0,
     0
    ],
    [
     0,
     1,
     2,
     3
    ],
    [
     0,
     2,
     4,
     6
    ]
   ]
  ]
 },
 "fObj3": {
  "_typename": "TXmlEx1",
  "fBool": false,
  "fChar": 67,
  "fShort": 123,
  "fInt": 123456,
  "fLong": 7654321,
  "fFloat": 1.2000000476837158,
  "fDouble": 3.8
 },
 "fPtr3": {
  "$ref": 3
 },
 "fSafePtr3": {
  "_typename": "TXmlEx1",
  "fBool": false,
  "fChar": 67,
  "fShort": 123,
  "fInt": 123456,
  "fLong": 7654321,
  "fFloat": 1.2000000476837158,
  "fDouble": 3.8
 }
}